{"cameraMode":{"drawMode":0,"name":"Shaded","section":"Shading Mode"},"sceneLighting":true,"audioPlay":false,"sceneViewState":{"showFog":true,"showMaterialUpdate":false,"showSkybox":true,"showFlares":true,"showImageEffects":true,"showParticleSystems":true},"in2DMode":false,"pivot":{"x":3.4583094120025636,"y":-6.628048896789551,"z":5.082564353942871},"rotation":{"x":-0.3531746566295624,"y":0.41941338777542117,"z":-0.181447833776474,"w":-0.8163567781448364},"size":5.043445110321045,"orthographic":false}