{"cameraMode":{"drawMode":0,"name":"Shaded","section":"Shading Mode"},"sceneLighting":true,"audioPlay":false,"sceneViewState":{"showFog":true,"showMaterialUpdate":false,"showSkybox":true,"showFlares":true,"showImageEffects":true,"showParticleSystems":true},"in2DMode":false,"pivot":{"x":0.6891059875488281,"y":2.535367012023926,"z":6.368045806884766},"rotation":{"x":-0.1699359267950058,"y":0.7060164213180542,"z":-0.18088456988334657,"w":-0.6632819175720215},"size":15.36005973815918,"orthographic":false}