{"cameraMode":{"drawMode":0,"name":"Shaded","section":"Shading Mode"},"sceneLighting":true,"audioPlay":false,"sceneViewState":{"showFog":true,"showMaterialUpdate":false,"showSkybox":true,"showFlares":true,"showImageEffects":true,"showParticleSystems":true},"in2DMode":false,"pivot":{"x":1.4092512130737305,"y":2.433241367340088,"z":-4.5214056968688969},"rotation":{"x":-1.2686951489371268e-9,"y":-0.7341393232345581,"z":8.354225755624612e-9,"w":0.678999125957489},"size":4.453235626220703,"orthographic":true}